Entity Name,Entity ID,Fiscal Year,Valuation Date,Name of Actuary,Actuarial Accrued Liability (AAL),Actuarial Value of Assets (AVA),Unfunded Actuarial Accrued Liability (UAAL) (AVA Basis),"Funded Ratio (AVA Basis) (rounded to nearest hundredth, EXAMPLE: 99.99)",Annual Covered Payroll (ACP),UAAL as a Percentage of ACP (AVA Basis),Method Used to Determine AAL,"Please Specifiy ""Other"" Method",Market Value of Assets (MVA),UAAL (MVA Basis),Funding Ratio (MVA Basis)
AC Transit Employees' Retirement Plan,7159,2019,01/01/2019,Cheiron,983881573,686870000,297011573,69.81,194000000,170.7,Entry Age,NULL,641535000,342346573,65.2
Alameda County Employees' Retirement Association,7258,2019,12/31/2018,Segal Consulting,9376397000,7239327000,2137070000,77.21,1093735000,195.39,Entry Age,NULL,6734526000,2641871000,71.82
Antelope Valley Hospital Medical Center Retirement Plan,7148,2019,07/01/2018,Milliman,331054808,203990609,127064199,61.62,150221871,84.58,Entry Age,NULL,202157849,128896959,61.06
California State Teachers' Retirement System,7209,2019,06/30/2018,Milliman,297603000000,190451000000,107152000000,63.99,32613000000,328.56,Entry Age,NULL,195611000000,101992000000,65.73
City of Alameda Police and Fire Pension 1079 and 1082,7218,2019,06/30/2019,Nyhart Actuary & Employee Benefits,6197709,,,,0,,Other,Mortality-Mortality Improvement Scale MP 2014 with 15 years convergence to 2022,,,
City of Albany Police and Fire Relief Pension Fund,7219,2019,06/03/2019,Van Iwaarden Associates,13382986,5383567,7999419,40.23,0,,Entry Age,NULL,4476599,8906387,33.45
City of Berkeley Safety Members' Pension Fund,7220,2019,06/30/2019,Bartel Associates LLC,1862714,0,1862714,,0,,Other,Average remaining lifetime of participants,0,,
City of Concord Retirement System,7230,2019,06/30/2018,Bartel Associates LLC,58431000,32829000,25602000,56.18,0,,Entry Age,NULL,32829000,25602000,56.18
City of Delano Employee Pension Plan,7235,2019,07/01/2019,Nyhart,48373918,34040004,14333914,70.37,11263587,127.26,Entry Age,NULL,33947945,14425973,70.18
City of El Cerrito Employees' Pension Trust Fund,7225,2019,06/30/2019,NULL,,,,,85774,,Projected Unit Credit,NULL,,,
City of Emeryville Pension Plan,7221,2019,06/30/2019,Bartel Asso. LLC,100090,0,100090,,0,,Projected Unit Credit,NULL,0,100090,
City of Eureka Fire and Police Retirement System,7233,2019,06/30/2019,Govinvest Inc.,2260608,,,,0,,Other,Straight Line,,,
City of Fresno Employees' Retirement System,7232,2019,06/30/2019,The Segal Company,1106660000,1238650718,-131990718,111.93,145457812,-90.74,Entry Age,NULL,1243689000,-137029000,112.38
City of Fresno Fire and Police Retirement System,7231,2019,06/30/2019,The Segal Company,1277749000,1495023241,-217274241,117,115073000,-188.81,Entry Age,NULL,1501112000,-223363000,117.48
City of Irvine Safety Defined Benefit Pension Plan,7243,2019,01/01/2019,Findley,20294619,19590354,704265,96.53,384931,182.96,Entry Age,NULL,19913617,381002,98.12
City of Los Angeles Fire and Police Pension System,7236,2019,06/30/2019,Segal Consulting,22474125408,21037711090,1436414318,93.61,1583807653,90.69,Entry Age,NULL,21262200363,1211925045,94.61
City of Los Angeles Water and Power Employees' Retirement Plan,7238,2019,07/01/2019,The Segal Company,13811956483,12739144966,1072811517,92.23,1028212002,104.34,Entry Age,N/A,12987087001,824869482,94.03
City of Manhattan Beach Single Highest Year Retirement Plan,7240,2019,06/30/2019,Total Compensation Systems,292056,118394,173662,40.54,0,,Projected Unit Credit,NULL,118394,173662,40.54
City of Manhattan Beach Supplemental Retirement Plan,7241,2019,06/30/2019,Total Compensation Systems,111762,32344,79418,28.94,0,,Projected Unit Credit,NULL,32344,79418,28.94
City of Oakland Fire and Police Retirement System,7222,2019,07/01/2018,Cheiron,647251000,347467000,299784000,53.68,0,,Entry Age,NULL,0,647251,
City of Pasadena Fire and Police Retirement System,7239,2019,06/30/2019,Bartel Associates LLC,144367000,109827000,34540000,76.07,0,269.35,Entry Age,NULL,111774000,32593000,77.42
City of Piedmont Police and Fire Pension Plan,7224,2019,06/30/2019,Bartel Associates LLC,1732435,12950030,-11217595,747.5,0,,Aggregate,NULL,12950030,-11217595,747.5
City of Richmond Garfield Pension Plan,7229,2019,06/30/2019,Van Iwaarden Associates,334779,339222,-4443,101.33,0,,Entry Age,NULL,339222,-4443,101.33
City of Richmond General Pension Plan,7227,2019,06/30/2019,Van Iwaarden Associates,2295843,1067813,1228030,46.51,0,,Entry Age,NULL,1067813,1228030,46.51
City of Richmond Police and Firemen's Pension Plan,7228,2019,06/30/2019,Van Iwaarden Associates,14363686,11333502,3030184,78.9,0,,Entry Age,NULL,11333502,3030184,78.9
City of Sacramento City Employees' Retirement System,7245,2019,06/30/2019,Bartel Associates LLC,313073000,277234000,35839000,88.55,678000,5285.99,Entry Age,NULL,281568000,31505000,89.94
City of San Clemente Restated Employees' Retirement Plan,7244,2019,06/30/2017,Bartel Associates LLC,35638000,21064000,14574000,59.11,529831,2750.69,Entry Age,NULL,21064000,14574000,59.11
City of San Jose Federated City Employees' Retirement System,7249,2019,06/30/2018,Cheiron,4100821000,2179488000,1921333000,53.15,298824000,642.96,Entry Age,NULL,2069332000,2031489000,50.46
City of San Jose Police and Fire Retirement Plan,7250,2019,06/30/2018,Cheiron,4696428000,3596590000,1099838000,76.58,218619000,503.08,Entry Age,NULL,3496190000,1200238000,74.44
City of Santa Barbara Police and Fire Pension Fund,7248,2019,06/30/2018,Bartel Associates,205481,0,205481,,0,,Other,Actuarial cost methods are only applicable when you have active employees.,0,,
Contra Costa County Employees' Retirement Association,7259,2019,12/31/2017,Segal Consulting,9239246920,8179891191,1059355729,88.53,860624613,,Entry Age,NULL,8390581049,848665871,90.81
Contra Costa Water District Retirement Plan,7172,2019,06/30/2018,Van Iwaarden Associates,214362261,187541811,26820450,87.49,31622148,84.82,Entry Age,NULL,189143172,25219089,88.24
Desert Hospital Retirement Protection Plan,7398,2019,06/30/2018,Nyhart,8309530,4913907,3395623,59.14,0,,Entry Age,NULL,,,
East Bay Municipal Utility District Employees' Retirement System,7168,2019,06/30/2018,Segal Consulting,2220977433,1678417000,542560433,75.57,204331000,265.53,Entry Age,NULL,1716478000,504499433,77.28
Fresno County Employees' Retirement Association,7260,2019,06/30/2017,Segal Consulting,5643444000,4529508000,1113936000,80.26,413760000,269.22,Entry Age,NULL,4407222000,1236222000,78.09
Golden Gate Transit District Amalgamated Retirement Plan,7144,2019,01/01/2017,Cheiron,182788380,109986152,72802228,60.17,23393000,318.26,Entry Age,NULL,106573850,76214530,58.3
Greater Palm Springs Convention and Visitor's Bureau Defined Benefit Pension Plan,13131,2019,06/30/2019,Cheiron Inc.,7020764,5748911,1271853,81.88,2672577,47.59,Entry Age,Entry Age,5730681,1290083,81.62
Imperial County Employees' Retirement System,7261,2019,06/30/2019,The Segal Company,998690000,869620000,129070000,87.08,128681000,100.3,Entry Age,NULL,876015000,122675000,87.72
Judges' Retirement System I,7205,2019,06/30/2018,CalPERS Actuarial & Employer Services Division,3320530000,44492000,3276038000,1.34,35335000,9271.37,Entry Age,NULL,44492000,3276038000,1.34
Judges' Retirement System II,7206,2019,06/30/2018,CalPERS Actuarial & Employer Services Division,1554348000,1531543000,22805000,98.53,310294000,7.35,Entry Age,NULL,1531543000,22805000,98.53
Kaweah Delta Hospital District Employees' Retirement Plan,7149,2019,06/30/2019,Willis Towers Watson,279067404,0,279067404,,0,,Entry Age,NULL,247822420,31244984,88.8
Kern County Employees' Retirement Association,7262,2019,06/30/2019,Segal Consulting,6398814000,4163476000,2235338000,65.07,584181000,382.64,Entry Age,NULL,4198862000,2199952000,65.62
Legislators' Retirement System,7207,2019,06/30/2018,CalPERS Actuarial & Employer Services Division,98927000,115484000,-16557000,116.74,1098000,-1507.92,Entry Age,NULL,115484000,-16557000,116.74
Long Beach Public Transportation Company Retirement Plan -  Salaried Employees,7199,2019,07/01/2019,Venuti & Associates,33336433,30938951,2397482,92.81,4783000,50.13,Entry Age,NULL,30938951,2397482,92.81
Long Beach Public Transportation Company Retirement Plan - Contract Employees,7198,2019,07/01/2019,Venuti & Associates,91295118,60679049,30616069,66.46,0,99.97,Entry Age,NULL,60679049,30616069,66.46
Los Angeles City Employees' Retirement System,7237,2019,06/30/2019,Segal Consulting,20793421143,14818564427,5974856716,71.27,2225412831,268.48,Entry Age,NULL,14815592841,5977828302,71.25
Los Angeles County Employees' Retirement Association,7263,2019,06/30/2018,Milliman,68527354000,55233108000,13294246000,80.6,7957981294,167.06,Entry Age,NULL,59367904030,9159449970,86.63
Los Angeles County Transportation Authority AFSCME Employees' Retirement Income Plan,9235,2019,12/31/2018,Willis Towers Watson,57437442,47749144,9688298,83.13,1398770,692.63,Projected Unit Credit,NULL,44351259,13086183,77.22
Los Angeles County Transportation Authority Maintenance Employees' Retirement System,7161,2019,01/01/2019,Rael & Letson,645715479,436273626,209441853,67.56,167130000,125.32,Entry Age,NULL,416309756,229405723,64.47
Los Angeles County Transportation Authority Non-Contract Employees' Retirement System,7162,2019,12/31/2018,Willis Towers Watson,142483111,116221989,26261122,81.57,3091883,849.36,Projected Unit Credit,NULL,109482767,33000344,76.84
Los Angeles County Transportation Authority SMART - TD Retirement,7163,2019,12/31/2018,Willis Towers Watson,750420730,580957475,169463255,77.42,208173477,81.4,Projected Unit Credit,NULL,580957475,169463255,77.42
Los Angeles County Transportation Authority Transportation Communication - Union Employees' Retirement System,7160,2019,12/31/2018,Willis Towers Watson,157283695,117196978,40086717,74.51,47235246,84.87,Projected Unit Credit,NULL,117196978,40086717,74.51
Marin County Employees' Retirement Association,7264,2019,06/30/2018,Cheiron,2722628694,0,2722628694,,257119125,,Entry Age,NULL,2298887919,423740775,84.44
Mendocino County Employees' Retirement Association,7265,2019,06/30/2019,Segal Consulting,747065374,527367477,219697897,70.59,71124175,308.89,Entry Age,NULL,532727019,214338355,71.31
Merced County Employees' Retirement Association,7266,2019,06/30/2017,Cheiron,1259702000,753769328,505932672,59.84,131365777,385.13,Other,Entry Age Normal,753769328,505932672,59.84
Modesto Irrigation District Basic Retirement Plan,7186,2019,01/01/2019,Transamerica Retirement Solutions,372412065,256128381,116283684,68.78,41165803,282.48,Entry Age,NULL,256128381,116283684,68.78
Orange County Employees' Retirement System,7267,2019,12/31/2017,Segal Consulting,19635427000,14197125000,5438302000,72.3,1811877000,300.15,Entry Age,NULL,14652521000,4982906000,74.62
Public Agency Retirement System Defined Benefit Plans,7215,2019,06/30/2018,Milliman Inc.,14545675,8255892,6289783,56.76,255833394,2.46,Other,Discount Rate,,,
Public Employees' Retirement Fund (PERF) A,12892,2019,06/30/2018,CalPERS Actuarial & Employer Services Division,504996000000,354616000000,150380000000,70.22,53903000000,1149.15,Entry Age,NULL,354616000000,150380000000,70.22
Public Employees' Retirement Fund (PERF) B,12893,2019,06/30/2018,CalPERS Actuarial & Employer Services Division,504996000000,354616000000,150380000000,70.22,0,,Entry Age,NULL,354616000000,150380000000,70.22
Public Employees' Retirement Fund (PERF) C,12894,2019,06/30/2018,CalPERS Actuarial & Employer Services Division,504996000000,354616000000,150380000000,70.22,0,,Entry Age,NULL,354616000000,150380000000,70.22
Sacramento County Employees' Retirement System,7268,2019,06/30/2019,Segal Consulting,11895520000,9703313000,2192207000,81.57,1017886000,215.37,Entry Age,NULL,9821694000,2073826000,82.57
Sacramento Regional Transit District ATU Employees' Retirement Plan,12847,2019,07/01/2018,Cheiron Inc,177191048,135405469,41785579,76.42,31595561,132.25,Entry Age,NULL,133178109,44012939,75.16
Sacramento Regional Transit District IBEW Employees' Retirement Plan,12848,2019,07/01/2018,Cheiron Inc,76501290,58553808,17947482,76.54,13523404,132.71,Entry Age,NULL,57166577,19334713,74.73
Sacramento Regional Transit District Salaried Employees' Retirement Plan,7165,2019,07/01/2018,Cheiron Inc,145254307,94088321,51165986,64.77,24474636,209.06,Entry Age,NULL,93130089,52124218,64.12
San Bernardino County Employees' Retirement Association,7269,2019,06/30/2019,Segal Consulting Co,13304683000,10642401000,2662282000,79.99,1542495237,172.6,Entry Age,NULL,10588407000,2716276000,79.58
San Diego City Employees' Retirement System,7246,2019,06/30/2019,Cheiron,11421647093,8248168328,3173478765,72.22,552719558,,Entry Age,NULL,8447780696,2973866397,73.96
San Diego County Employees' Retirement Association,7270,2019,06/30/2019,Segal Consulting,16955112000,12932244000,4022868000,76.27,1359311225,295.95,Entry Age,n/a,12862922000,4092190000,75.86
San Diego Transit Corporation Employees' Retirement Plan,7200,2019,06/30/2019,Cheiron Inc.,314919978,175814792,139105186,55.83,27154461,512.27,Entry Age,NULL,170139617,144780361,54.03
San Francisco City and County Employees' Retirement System,7247,2019,07/01/2019,Cheiron,28798000000,25247000000,3551000000,87.67,3378714262,105.1,Entry Age,NULL,26078000000,2720000000,90.55
San Joaquin County Employees' Retirement Association,7271,2019,01/01/2018,CHEIRON,4496975597,2913161286,1583814311,64.78,437676798,361.56,Entry Age,NULL,2879288631,1617686966,64.03
San Joaquin Regional Transit District Contract Employees' Retirement Plan,7166,2019,07/01/2018,Bartel Associates LLC,73069000,40694000,32375000,55.69,9539000,339.4,Entry Age,NULL,40633000,32436000,55.61
San Luis Obispo County Pension Trust,7272,2019,01/01/2018,Gabrield Roeder Smith & Company,1945681000,1328750000,616931000,68.29,199283713,309.57,Entry Age,NULL,1340471000,605210000,68.89
San Mateo County Employees' Retirement Association,7273,2019,06/30/2019,Milliman,5459978000,4685502000,774476000,85.82,554734196,139.61,Entry Age,NULL,4723110000,736868000,86.5
Santa Barbara County Employees' Retirement System,7274,2019,06/30/2019,Cheiron,3888127000,3002019000,886108000,77.21,359819461,246.26,Entry Age,NULL,3002019000,886108000,77.21
Santa Clara Valley Transportation Authority Amalgamated Transit Union Pension Plan,7167,2019,01/01/2019,Cheiron Inc.,751566289,564331981,187234308,75.09,135929919,137.74,Entry Age,n/a,527668913,223897376,70.21
Self-Insured Schools of California Defined Benefit Plan,7183,2019,12/31/2018,Demsey Filliger & Assoc,50489966,53815937,-3325971,106.59,101739973,-3.27,Projected Unit Credit,NULL,46304465,4185501,91.71
Sonoma County Employees' Retirement Association,7275,2019,12/31/2018,Segal Consulting,3072077000,2667345000,404732000,86.83,378159621,107.03,Entry Age,NULL,2577809000,494268000,83.91
Stanislaus County Employees' Retirement Association,7276,2019,06/30/2017,Cheiron Inc.,2648162000,1968231000,679931000,74.32,281979654,241.13,Entry Age,NULL,1973000000,675162000,74.5
Sunline Transit Retirement Income Plan - Bargaining Unit Personnel,7182,2019,01/01/2018,Nyhart,25885338,26155708,-270370,101.04,10495187,-2.58,Entry Age,NULL,26155708,-270370,101.04
Sunline Transit Retirement Income Plan - Non-Bargaining Unit Personnel,7400,2019,01/01/2018,Nyhart,25569403,26786215,-1216812,104.76,4842573,-25.13,Entry Age,NULL,26786215,-1216812,104.76
Tulare County Employees' Retirement Association,7277,2019,06/30/2017,Cheiron,1573406000,1461755000,111651000,92.9,254940772,43.79,Entry Age,NULL,1395122000,178284000,88.67
Turlock Irrigation District Pension Plan,7187,2019,01/01/2019,Nyhart,354421004,307854922,46566082,86.86,39391971,118.21,Entry Age,N/A,290778688,63642316,82.04
University of California Retirement Plan,7211,2019,06/30/2019,Segal Consulting,87782652000,70170196000,17612456000,79.94,12949903692,,Entry Age,NULL,70278964000,17503688000,80.06
Ventura County Employees' Retirement Association,7278,2019,06/30/2019,Segal Consulting,6439388000,5664526000,774862000,87.97,785402037,98.66,Entry Age,NULL,5735360000,704028000,89.07
AC Transit Employees' Retirement Plan,7159,2018,01/01/2017,Cheiron,902989387,614229823,288759564,68,167786000,,Entry Age,NULL,,902989387,
Alameda County Employees' Retirement Association,7258,2018,12/31/2017,The Segal Company,8987061000,6830379000,2156682000,76,1055661000,204.3,Entry Age,NULL,6980597000,2006464000,78
Antelope Valley Hospital Medical Center Retirement Plan,7148,2018,07/01/2017,Milliman,310911089,183653871,127257218,59.1,142333031,89.4,Entry Age,NULL,178014317,132896772,57
California State Teachers' Retirement System,7209,2018,06/30/2017,Milliman,286950000000,179689000000,107261000000,62.6,31961000000,335.6,Entry Age,NULL,183482000000,103468000000,64
City of Alameda Police and Fire Pension 1079 and 1082,7218,2018,06/30/2018,Nyhart Actuary & Employee Benefits,8000385,0,8000385,,0,,Other,Mortality- Mortality Improvement Scale MP 2014 with 15 yrs convergence to 2022,0,8000385,
City of Albany Police and Fire Relief Pension Fund,7219,2018,06/30/2017,Conduent,13058273,6666348,6391925,51.1,0,,Entry Age,NULL,5724805,7333468,44
City of Berkeley Safety Members' Pension Fund,7220,2018,06/30/2018,Bartel Associates LLC,2485191,96934,2388257,3.9,0,,Other,Average remaining lifetime of participants,96934,2388257,4
City of Concord Retirement System,7230,2018,06/30/2016,Bartel Assoicates LLC,61693000,31399000,30294000,50.9,0,,Entry Age,NULL,31399000,30294000,51
City of Delano Employee Pension Plan,7235,2018,07/01/2017,Nyhart,47687971,31977142,15710829,67.1,10751866,146.1,Entry Age,NULL,30923174,16764797,65
City of El Cerrito Employees' Pension Trust Fund,7225,2018,06/30/2017,Bartel & Associates,,,,,115129,,Projected Unit Credit,NULL,0,,
City of Emeryville Pension Plan,7221,2018,06/30/2014,Bartel Asso. LLC,185940,,185940,,0,,Projected Unit Credit,NULL,263008,-77068,141
City of Eureka Fire and Police Retirement System,7233,2018,06/30/2018,Govinvest Inc.,,,,,0,,Other,Straightline,,,
City of Fresno Employees' Retirement System,7232,2018,06/30/2018,The Segal Company,1047692000,1202691315,-154999315,114.8,0,,Entry Age,NULL,1222095000,-174403000,117
City of Fresno Fire and Police Retirement System,7231,2018,06/30/2018,The Segal Company,1194731000,1436725409,-241994409,120.3,110972000,-218.1,Entry Age,NULL,1460044000,-265313000,122
City of Irvine Safety Defined Benefit Pension Plan,7243,2018,01/01/2017,Bryan Pendleton Swats & McAllister LLC,20303670,19209782,1093888,94.6,373044,292.7,Entry Age,NULL,19205887,1097783,95
City of Los Angeles Fire and Police Pension System,7236,2018,06/30/2018,Segal Consulting,25902373005,24377639469,1524733536,94.1,1546042972,98.6,Entry Age,NULL,22360370203,3542002802,86
City of Los Angeles Water and Power Employees' Retirement Plan,7238,2018,07/01/2018,The Segal Co,13187542730,12009999030,1177543700,91.1,953635670,123.5,Entry Age,N/A,12277085263,910457467,93
City of Manhattan Beach Single Highest Year Retirement Plan,7240,2018,06/30/2018,Block Consulting Acturaries,284083,92172,191911,32.5,0,,Projected Unit Credit,Projected Unit Method,92172,191911,32
City of Manhattan Beach Supplemental Retirement Plan,7241,2018,06/30/2018,Block Consulting Actuaries,109239,25672,83567,23.5,0,,Projected Unit Credit,NULL,25672,83567,24
City of Oakland Fire and Police Retirement System,7222,2018,07/01/2017,Cheiron,673441,333373,340068,49.5,0,,Entry Age,NULL,0,673441,
City of Pasadena Fire and Police Retirement System,7239,2018,06/30/2018,Bartel Associates LLC,147816000,118034000,29782000,79.85,0,,Entry Age,NULL,118932000,28884000,80.46
City of Piedmont Police and Fire Pension Plan,7224,2018,06/30/2018,Bartel Associates LLC,1851716,12352060,-10500344,667.1,0,,Aggregate,NULL,12352060,-10500344,667
City of Richmond Garfield Pension Plan,7229,2018,06/30/2018,Van Iwaarden Associates,616653,307761,308892,49.9,0,,Entry Age,NULL,307761,308892,50
City of Richmond General Pension Plan,7227,2018,06/30/2018,Van Iwaarden Associates,2466948,741733,1725215,30.1,0,,Entry Age,NULL,741733,1725215,30
City of Richmond Police and Firemen's Pension Plan,7228,2018,06/30/2018,Van Iwaarden Associates,17647021,11587579,6059442,65.7,0,,Entry Age,NULL,11587579,6059442,66
City of Sacramento City Employees' Retirement System,7245,2018,06/30/2018,Bartel Associates LLC,324669000,281126000,43543000,86.6,921000,4727.8,Entry Age,NULL,286609000,38060000,88
City of San Clemente Restated Employees' Retirement Plan,7244,2018,06/30/2017,Bartel Associates LLC,35500000,20605000,14895000,58,519787,2865.6,Entry Age,NULL,20605000,14895000,58
City of San Jose Federated City Employees' Retirement System,7249,2018,06/30/2017,Cheiron,3923966000,2101435000,1822531000,53.6,290504000,627.4,Entry Age,NULL,1972791000,1951175000,50
City of San Jose Police and Fire Retirement Plan,7250,2018,06/30/2017,Cheiron,4464402000,3439922000,1024480000,77.1,203164000,504.3,Entry Age,NULL,3293257000,1171145000,74
City of Santa Barbara Police and Fire Pension Fund,7248,2018,06/30/2017,Bartel Associates,248677,0,248677,,0,,Other,Actuarial cost methods are only applicable when you have active employees.,0,248677,
Contra Costa County Employees' Retirement Association,7259,2018,12/31/2016,Segal Consulting,8794434139,7606997530,1187436609,86.5,784412261,151.4,Entry Age,NULL,7438519504,1355914635,85
Contra Costa Water District Retirement Plan,7172,2018,06/30/2017,Van Iwaarden Associates,203469801,176126394,27343407,86.6,29553189,92.5,Entry Age,NULL,177228515,26241286,87
Desert Hospital Retirement Protection Plan,7398,2018,06/30/2017,Nyhart,8467627,5189834,3277793,61.3,0,,Entry Age,NULL,5189834,3277793,61
East Bay Municipal Utility District Employees' Retirement System,7168,2018,06/30/2017,Segal Consulting,2068014945,1549213319,518801626,74.9,194498000,266.7,Entry Age,NULL,1580556000,487458945,76
Fresno County Employees' Retirement Association,7260,2018,06/30/2016,Segal Consulting,5472149000,4278001000,1194148000,78.2,402535000,296.7,Entry Age,NULL,4009337000,1462812000,73
Golden Gate Transit District Amalgamated Retirement Plan,7144,2018,01/01/2017,Cheiron,182788380,109986152,72802228,60.2,22875000,,Entry Age,NULL,106573850,76214530,58
Imperial County Employees' Retirement System,7261,2018,06/30/2018,The Segal Company,945385000,835211000,110174000,88.4,118800000,,Entry Age,NULL,831484000,113901000,88
Judges' Retirement System I,7205,2018,06/30/2017,CalPERS Actuarial & Employer Services Division,3315731000,48275000,3267456000,1.5,38330000,8524.5,Entry Age,NULL,48275000,3267456000,1
Judges' Retirement System II,7206,2018,06/30/2017,CalPERS Actuarial & Employer Services Division,1365862000,1356099000,9763000,99.3,291383000,3.4,Entry Age,NULL,1356099000,9763000,99
Kaweah Delta Hospital District Employees' Retirement Plan,7149,2018,06/30/2018,Willis Towers Watshon,270818782,,270818782,,0,,Entry Age,NULL,229920601,40898181,85
Kern County Employees' Retirement Association,7262,2018,06/30/2017,Segal Consulting,6191433000,3913073000,2278360000,63.2,572081000,398.3,Entry Age,NULL,3838666000,2352767000,62
Legislators' Retirement System,7207,2018,06/30/2017,CalPERS Actuarial & Employer Services Division,100845000,116884000,-16039000,115.9,1209000,-1326.6,Entry Age,NULL,116884000,-16039000,116
Long Beach Public Transportation Company Retirement Plan -  Salaried Employees,7199,2018,07/01/2018,Venuti & Associates,31215626,27866540,3349086,89.27,4859000,68.93,Entry Age,NULL,27866540,3349086,89.27
Long Beach Public Transportation Company Retirement Plan - Contract Employees,7198,2018,07/01/2018,Venuti & Associates,87017394,56021895,30995499,64.4,31094000,99.7,Entry Age,NULL,56021895,30995499,64
Los Angeles City Employees' Retirement System,7237,2018,06/30/2018,Segal Consulting,19944579058,13982435465,5962143593,70.1,2177687102,273.8,Entry Age,NULL,14235230528,5709348530,71
Los Angeles County Employees' Retirement Association,7263,2018,06/30/2017,Milliman,65310803000,52166307000,13144496000,79.9,7637031557,172.1,Entry Age,NULL,55818989432,9491813568,85
Los Angeles County Transportation Authority AFSCME Employees' Retirement Income Plan,9235,2018,12/31/2017,Willis Towers Watson,58615544,49671393,8944151,84.7,1546568,578.3,Projected Unit Credit,NULL,50396861,8218683,86
Los Angeles County Transportation Authority Maintenance Employees' Retirement System,7161,2018,01/01/2018,Rael & Letson,608028479,403513037,204515442,66.4,152397000,134.2,Entry Age,NULL,426522780,181505699,70
Los Angeles County Transportation Authority Non-Contract Employees' Retirement System,7162,2018,12/31/2017,Willis Towers Watson,149247033,117961183,31285850,79,3171908,986.3,Projected Unit Credit,NULL,120903514,28343519,81
Los Angeles County Transportation Authority SMART - TD Retirement,7163,2018,12/31/2017,Willis Towers Watson,731768530,560536737,171231793,76.6,198718395,86.2,Projected Unit Credit,NULL,585266912,146501618,80
Los Angeles County Transportation Authority Transportation Communication - Union Employees' Retirement System,7160,2018,12/31/2017,Willis Towers Watson,149580883,109610057,39970826,73.3,42497100,94.1,Projected Unit Credit,NULL,113331428,36249455,76
Marin County Employees' Retirement Association,7264,2018,06/30/2017,Cheiron,2575784163,,2575784163,,243957128,1055.8,Entry Age,NULL,2098697241,477086922,81
Mendocino County Employees' Retirement Association,7265,2018,06/30/2018,Segal Consulting,717461993,504803711,212658282,70.4,67955820,312.9,Entry Age,NULL,520429961,197032032,73
Merced County Employees' Retirement Association,7266,2018,06/30/2016,Cheiron,1201195000,670015824,531179176,55.8,126705902,419.2,Other,Entry Age Normal,670015824,531179176,56
Modesto Irrigation District Basic Retirement Plan,7186,2018,01/01/2018,Transamerica Retirement Solutions,356430592,276164043,80266549,77.5,41274329,194.5,Projected Unit Credit,NULL,276164043,80266549,77
Orange County Employees' Retirement System,7267,2018,12/31/2016,The Segal Group,17933461000,13102978000,4830483000,73.1,1759831000,274.5,Entry Age,NULL,12657330000,5276131000,71
Public Agency Retirement System Defined Benefit Plans,7215,2018,06/30/2018,Milliman Inc.,14545675,8255892,6289783,56.76,290413601,2.17,Entry Age,NULL,0,14545675,
Public Employees' Retirement Fund (PERF) A,12892,2018,06/30/2017,CalPERS Actuarial Office,465046000000,326182000000,138864000000,70.1,51991000000,267.1,Entry Age,NULL,326182000000,138864000000,70
Public Employees' Retirement Fund (PERF) B,12893,2018,06/30/2017,NULL,,0,,,0,,Entry Age,NULL,,,
Public Employees' Retirement Fund (PERF) C,12894,2018,06/30/2017,NULL,,,,,0,,Entry Age,NULL,,,
Sacramento County Employees' Retirement System,7268,2018,06/30/2018,Segal Consulting,11213263000,9123004000,2090259000,81.4,985375000,212.1,Entry Age,NULL,9251937000,1961326000,83
Sacramento Regional Transit District ATU Employees' Retirement Plan,12847,2018,07/01/2017,Cheiron Inc,177262864,132807915,44454949,74.9,30607324,145.2,Entry Age,NULL,130588455,46674409,74
Sacramento Regional Transit District IBEW Employees' Retirement Plan,12848,2018,07/01/2017,Cheiron Inc,72891895,55523196,17368699,76.2,12364134,140.5,Entry Age,NULL,54085119,18806776,74
Sacramento Regional Transit District Salaried Employees' Retirement Plan,7165,2018,07/01/2017,Cheiron Inc,132986393,85685275,47301118,64.4,23179191,204.1,Entry Age,NULL,84632310,48354083,64
San Bernardino County Employees' Retirement Association,7269,2018,06/30/2018,Segal Consulting,12604942218,10020862873,2584079345,79.5,1477131264,174.9,Entry Age,NULL,10066990216,2537952002,80
San Diego City Employees' Retirement System,7246,2018,06/30/2018,Cheiron,10287940204,7372408025,2915532179,71.7,514906095,,Entry Age,NULL,7580473981,2707466223,74
San Diego County Employees' Retirement Association,7270,2018,06/30/2018,The Segal Company,15763237000,12365656000,3397581000,78.5,1290949926,263.2,Entry Age,NULL,12274450000,3488787000,78
San Diego Transit Corporation Employees' Retirement Plan,7200,2018,06/30/2018,Cheiron Inc.,300300433,174904537,125395896,58.2,29686976,422.4,Entry Age,NULL,166239057,134061376,55
San Francisco City and County Employees' Retirement System,7247,2018,07/01/2018,Cheiron,27335417,23866027,3469390,87.3,3235979830,0.1,Entry Age,NULL,24557966,2777451,90
San Joaquin County Employees' Retirement Association,7271,2018,01/01/2017,CHEIRON,4235093946,2733851661,1501242285,64.6,428486772,350.4,Entry Age,NULL,2554802124,1680291822,60
San Joaquin Regional Transit District Contract Employees' Retirement Plan,7166,2018,07/01/2017,Bartel Associates LLC,69850000,38429000,31421000,55,8122000,386.9,Entry Age,NULL,38144000,31706000,55
San Luis Obispo County Pension Trust,7272,2018,01/01/2017,Gabriel Roeder Smith & Company,1827342000,1268405000,558937000,69.4,192735874,290,Entry Age,NULL,1181243000,646099000,65
San Mateo County Employees' Retirement Association,7273,2018,06/30/2018,Milliman,4970535000,4351502000,619033000,87.6,541472683,114.3,Entry Age,NULL,4373962000,596573000,88
Santa Barbara County Employees' Retirement System,7274,2018,06/30/2018,Cheiron,3702297000,2801307000,900990000,75.7,336413000,,Entry Age,NULL,2801307000,900990000,76
Santa Clara Valley Transportation Authority Amalgamated Transit Union Pension Plan,7167,2018,01/01/2018,Cheiron Inc,742631681,549414479,193217202,74,142572313,138.7,Entry Age,NULL,564373813,178257868,76
Self-Insured Schools of California Defined Benefit Plan,7183,2018,12/31/2017,Demsey Filliger & Associates,46726084,49627530,-2901446,106.2,98906351,-2.9,Projected Unit Credit,NULL,50778320,-4052236,109
Sonoma County Employees' Retirement Association,7275,2018,12/31/2017,Segal Consulting,2916856000,2557299000,359557000,87.7,369750901,97.2,Entry Age,NULL,2748040000,168816000,94
Stanislaus County Employees' Retirement Association,7276,2018,06/30/2016,Cheiron Inc.,2537067000,1845764000,691303000,72.8,268009042,257.9,Entry Age,NULL,1772913713,764153287,70
Sunline Transit Retirement Income Plan - Bargaining Unit Personnel,7182,2018,01/01/2017,Nyhart,24327197,22834464,1492733,93.9,9937276,15,Entry Age,NULL,22508338,1818859,93
Sunline Transit Retirement Income Plan - Non-Bargaining Unit Personnel,7400,2018,01/01/2017,Nyhart,24255666,23650761,604905,97.5,4939705,12.3,Entry Age,NULL,23303182,952484,96
Tulare County Employees' Retirement Association,7277,2018,06/30/2016,CHEIRON,1431436000,1192642000,238794000,83.3,248513879,96.1,Entry Age,NULL,1055147000,376289000,74
Turlock Irrigation District Pension Plan,7187,2018,01/01/2017,Nyhart,304169048,242590571,61578477,79.8,36365502,169.3,Entry Age,N/A,238696137,65472911,78
University of California Retirement Plan,7211,2018,07/01/2018,Segal Consulting,76881052000,66577372000,10303680000,86.6,12412591670,83,Entry Age,NULL,66773590000,10107462000,87
Ventura County Employees' Retirement Association,7278,2018,06/30/2018,Segal Consulting,6129758000,5382777000,746981000,87.8,760815215,98.2,Entry Age,NULL,5396463000,733295000,88
West Contra Costa Healthcare District Successor Retirement Plan,8275,2018,06/30/2018,Findley,12206697,2879711,9326986,23.6,0,,Entry Age,NULL,2879711,9326986,24
AC Transit Employees' Retirement Plan,7159,2017,01/01/2016,Cheiron,874284100,600832758,273451342,68.7,150234,182017,Entry Age,NULL,,874284100,
Alameda County Employees' Retirement Association,7258,2017,12/31/2016,The Segal Company,8237715,6436138,1801577,78.1,1003651000,0.2,Entry Age,NULL,,8237715,
Antelope Valley Hospital Medical Center Retirement Plan,7148,2017,07/01/2016,Milliman,297611638,168367287,129244351,56.6,150265338,,Entry Age,NULL,155350916,142260722,52
California Public Employees' Retirement System,7208,2017,06/30/2016,CalPERS Actuarial Office,436703000000,298126000000,138577000000,68.3,49833000000,278.1,Entry Age,NULL,298126000000,138577000000,68
California State Teachers' Retirement System,7209,2017,06/30/2016,Milliman,266704000000,169976000000,96728000000,63.7,30324000000,319,Entry Age,NULL,165118000000,101586000000,62
City of Alameda Police and Fire Pension 1079 and 1082,7218,2017,06/30/2017,Nyhart Actuary & Employee Benefits,9207137,0,9207137,,0,514,Other,Mortality-  Mortality Improvement Scale MP 2014 with 15 yrs convergence to 2022,,9207137,
City of Albany Police and Fire Relief Pension Fund,7219,2017,06/30/2017,Conduent,13058273,6666348,6391925,51.1,0,,Entry Age,NULL,,13058273,
City of Bakersfield Firemen's Disability and Retirement System,7234,2017,06/30/2016,THE SEGAL GROUP,891159,942613,-51454,105.8,0,,Other,Unit Credit Actuarial Cost Method,942613,-51454,106
City of Berkeley Safety Members' Pension Fund,7220,2017,06/30/2017,Bartel Associates LLC,3235387,377244,2858143,11.7,0,,Other,Average remaining lifetime of participants,377244,2858143,12
City of Concord Retirement System,7230,2017,06/30/2016,Bartel Associates LLC,61693000,31399000,30294000,50.9,0,,Entry Age,NULL,31399000,30294000,51
City of Delano Employee Pension Plan,7235,2017,07/01/2016,Nyhart,45135501,28454739,16680762,63,10130191,164.7,Entry Age,NULL,26456314,18679187,59
City of El Cerrito Employees' Pension Trust Fund,7225,2017,07/01/2013,Milliman Inc,,,,,123148,,Projected Unit Credit,NULL,0,,
City of Emeryville Pension Plan,7221,2017,06/30/2014,Bartel Asso. LLC,185940,283451,-97511,152.4,0,,Projected Unit Credit,NULL,283451,-97511,152
City of Eureka Fire and Police Retirement System,7233,2017,06/30/2017,Govinvest Inc.,3077801,0,3077801,,0,,Entry Age,Straight Line,,3077801,
City of Fresno Employees' Retirement System,7232,2017,06/30/2017,The Segal Company,1013684000,1145061145,-131377145,113,119006918,-110.4,Entry Age,NULL,1158863000,-145179000,114
City of Fresno Fire and Police Retirement System,7231,2017,06/30/2017,The Segal Company,1131348000,1354973827,-223625827,119.8,102679000,-217.8,Entry Age,NULL,1371613000,-240265000,121
City of Irvine Safety Defined Benefit Pension Plan,7243,2017,01/01/2016,Bryan Pendleton Swats & McAllister LLC,20131860,19793197,338663,98.3,351166,92.7,Entry Age,NULL,19222937,908923,95
City of Los Angeles Fire and Police Pension System,7236,2017,06/30/2017,Segal Consulting,24765887787,23034084478,1731803309,93,1475539138,117.4,Entry Age,NULL,20662406596,4103481191,83
City of Los Angeles Water and Power Employees' Retirement Plan,7238,2017,07/01/2017,The Segal Co,12657101266,11133708386,1523392880,88,892332196,170.7,Entry Age,None,11313899335,1343201931,89
City of Manhattan Beach Single Highest Year Retirement Plan,7240,2017,06/30/2017,Block Consulting Actuaries,336669,144361,192308,42.9,0,,Projected Unit Credit,NULL,,336669,
City of Manhattan Beach Supplemental Retirement Plan,7241,2017,06/30/2017,Block Consulting Acturaries,117407,46866,70541,39.9,2,3527050,Projected Unit Credit,NULL,,117407,
City of Oakland Fire and Police Retirement System,7222,2017,07/01/2016,Cheiron,672916,363550,309366,54,0,,Entry Age,NULL,,672916,
City of Pasadena Fire and Police Retirement System,7239,2017,06/30/2017,Bartel Associates,148454000,122433000,26021000,82.5,13117723,198.4,Entry Age,NULL,125363000,23091000,84
City of Piedmont Police and Fire Pension Plan,7224,2017,06/30/2016,Bartel Associates LLC,1986486,11933986,-9947500,600.8,0,,Aggregate,NULL,11941168,-9954682,601
City of Pittsburg Miscellaneous Employees' Retirement System 1962,7226,2017,06/30/2014,Bartell Associates,15768,3502,12266,22.2,0,,Other,RP-2000 Projected with MP-2014,0,15768,
City of Richmond Garfield Pension Plan,7229,2017,07/01/2017,Van Iwaarden Associates,691642,297317,394325,43,0,,Entry Age,NULL,297317,394325,43
City of Richmond General Pension Plan,7227,2017,06/30/2017,Van Iwaarden Associates,2932456,449871,2482585,15.3,0,,Entry Age,NULL,449871,2482585,15
City of Richmond Police and Firemen's Pension Plan,7228,2017,07/01/2017,Van Iwaarden Associates,19271776,12384594,6887182,64.3,0,,Entry Age,NULL,,19271776,
City of Sacramento City Employees' Retirement System,7245,2017,06/30/2017,Bartel Associates LLC,336878000,283567000,53311000,84.2,1049000,5082.1,Entry Age,NULL,288509000,48369000,86
City of San Clemente Restated Employees' Retirement Plan,7244,2017,06/30/2015,Bartel Associates LLC,31888000,20213000,11675000,63.4,488108,2391.9,Entry Age,NULL,20212768,11675232,63
City of San Jose Federated City Employees' Retirement System,7249,2017,06/30/2016,Cheiron,3786730000,2034741000,1751989000,53.7,271061000,646.3,Entry Age,NULL,1858882000,1927848000,49
City of San Jose Police and Fire Retirement Plan,7250,2017,06/30/2016,Cheiron,4355990000,3297068000,1058922000,75.7,184214000,574.8,Entry Age,NULL,3046377000,1309613000,70
San Bernardino County Employees' Retirement Association,7269,2017,06/30/2017,Segal Consulting,11928309718,9385976561,2542333157,78.7,1406470110,180.8,Entry Age,NULL,9288441361,2639868357,78
City of Santa Barbara Police and Fire Pension Fund,7248,2017,06/30/2016,Bartel Associates,726095,453452,272643,62.5,0,,Other,Actuarial cost methods are only applicable when you have active employees.,453452,272643,62
Contra Costa County Employees' Retirement Association,7259,2017,12/31/2015,Segal Consulting,8448624096,7136801380,1311822716,84.5,746352665,175.8,Entry Age,NULL,6976582428,1472041668,83
Contra Costa Water District Retirement Plan,7172,2017,06/30/2016,Bartel Associates,191580000,164392000,27188000,85.8,28065323,96.9,Entry Age,NULL,159022000,32558000,83
Desert Hospital Retirement Protection Plan,7398,2017,06/30/2017,Nyhart,8219294,4980952,3238342,60.6,0,,Entry Age,NULL,5344174,2875120,65
East Bay Municipal Utility District Employees' Retirement System,7168,2017,06/30/2016,Segal Consulting,1995863155,1425784553,570078602,71.4,182548000,312.3,Entry Age,NULL,1391771000,604092155,70
Fresno County Employees' Retirement Association,7260,2017,06/30/2015,Segal Consulting,5074333000,4092647000,981686000,80.7,383775000,255.8,Entry Age,NULL,4031390000,1042943000,79
Golden Gate Transit District Amalgamated Retirement Plan,7144,2017,01/01/2015,Cheiron,159256343,111624209,47632134,70.1,21981000,216.7,Entry Age,NULL,114912400,44343943,72
Imperial County Employees' Retirement System,7261,2017,06/30/2017,The Segal Company,910321000,783848000,126473000,86.1,119934,105452.2,Entry Age,NULL,779075000,131246000,86
Judges' Retirement System I,7205,2017,06/30/2016,CalPERS Actuarial & Employer Services Division,3428743000,39794000,3388949000,1.2,42430000,7987.2,Entry Age,NULL,39794000,3388949000,1
Judges' Retirement System II,7206,2017,06/30/2016,CalPERS Actuarial & Employer Services Division,1272751000,1172953000,99798000,92.2,282619000,35.3,Entry Age,NULL,1172953000,99798000,92
Kaweah Delta Hospital District Employees' Retirement Plan,7149,2017,06/30/2017,Willis Towers Watson,257241163,,257241163,,0,,Entry Age,NULL,205491794,51749369,80
Kern County Employees' Retirement Association,7262,2017,06/30/2016,Segal Consulting,5813092000,3685447000,2127645000,63.4,556824000,,Entry Age,NULL,3450117000,2362975000,59
Legislators' Retirement System,7207,2017,06/30/2016,CalPERS Actuarial & Employer Services Division,106975000,119050000,-12075000,111.3,1321000,-914.1,Entry Age,NULL,119050000,-12075000,111
Long Beach Public Transportation Company Retirement Plan -  Salaried Employees,7199,2017,07/01/2017,Venuti & Associates,29527880,25232880,4295000,85.5,6843000,62.8,Entry Age,NULL,25232880,4295000,85
Long Beach Public Transportation Company Retirement Plan - Contract Employees,7198,2017,07/01/2017,Venuti & Associates,81803970,52742303,29061667,64.5,31258000,93,Entry Age,NULL,52742303,29061667,64
Los Angeles City Employees' Retirement System,7237,2017,06/30/2017,Segal Consulting,18458187953,13178333884,5279854069,71.4,2062316129,256,Entry Age,NULL,13180515725,5277672228,71
Los Angeles County Employees' Retirement Association,7263,2017,06/30/2016,Milliman,62199214000,49357847000,12841367000,79.4,7279090792,176.4,Entry Age,NULL,50895682355,11303531645,82
Los Angeles County Transportation Authority AFSCME Employees' Retirement Income Plan,9235,2017,12/31/2016,Willis Towers Watson,60656223,49300193,11356030,81.3,2198826,516.5,Projected Unit Credit,NULL,46187288,14468935,76
Los Angeles County Transportation Authority Maintenance Employees' Retirement System,7161,2017,01/01/2017,Rael & Letson,566085210,365831400,200253810,64.6,142665000,140.4,Entry Age,NULL,356834299,209250911,63
Los Angeles County Transportation Authority Non-Contract Employees' Retirement System,7162,2017,12/31/2016,Willis Towers Watson,154287687,115863615,38424072,75.1,3447137,1114.7,Projected Unit Credit,NULL,110630745,43656942,72
Los Angeles County Transportation Authority SMART - TD Retirement,7163,2017,12/31/2016,Willis Towers Watson,708111529,521558264,186553265,73.7,192342001,97,Projected Unit Credit,NULL,504460857,203650672,71
Los Angeles County Transportation Authority Transportation Communication - Union Employees' Retirement System,7160,2017,12/31/2016,Willis Towers Watson,138548223,100559564,37988659,72.6,39763754,95.5,Projected Unit Credit,NULL,96505957,42042266,70
Marin County Employees' Retirement Association,7264,2017,06/30/2015,Cheiron,2469071955,,2469071955,,238423477,1035.6,Entry Age,NULL,2066247544,402824411,84
Mendocino County Employees' Retirement Association,7265,2017,06/30/2017,Segal Consulting,679565362,475224924,204340438,69.9,62335605,327.8,Entry Age,NULL,,679565362,0
Merced County Employees' Retirement Association,7266,2017,06/30/2015,Cheiron,1131181000,672319369,458861631,59.4,119621964,383.6,Other,Entry Age Normal,672319369,458861631,59
Modesto Irrigation District Basic Retirement Plan,7186,2017,01/01/2016,Transamerica Retirement Solutions,307143385,241233426,65909959,78.5,38211146,172.5,Projected Unit Credit,NULL,228711034,78432351,74
Orange County Employees' Retirement System,7267,2017,12/31/2015,Segal Consulting,17050357000,12228009000,4822348000,71.7,1633112000,,Entry Age,NULL,11548440000,5501917000,68
Public Agency Retirement System Defined Benefit Plans,7215,2017,06/30/2016,Milliman Inc.,17623694,4925628,12698066,28,282682297,4.5,Entry Age,NULL,,17623694,0
Public Employees' Retirement Fund (PERF) A,12892,2017,06/30/2016,CalPERS Actuarial Office,436703000000,298126000000,138577000000,68.3,49833000000,278.1,Entry Age,NULL,298126000000,138577000000,68
Sacramento County Employees' Retirement System,7268,2017,06/30/2017,Segal Consulting,10680998000,8665226000,2015772000,81.1,958934000,210.2,Entry Age,NULL,8584225000,2096773000,80
Sacramento Regional Transit District ATU Employees' Retirement Plan,12847,2017,07/01/2016,Cheiron Inc,167084597,126808879,40275718,75.9,30037232,134.1,Entry Age,NULL,119630500,47454097,72
Sacramento Regional Transit District IBEW Employees' Retirement Plan,12848,2017,07/01/2016,Cheiron Inc,68753422,51287813,17465609,74.6,12333541,141.6,Entry Age,NULL,48384520,20368902,70
Sacramento Regional Transit District Salaried Employees' Retirement Plan,7165,2017,07/01/2016,Cheiron Inc,122730230,79718423,43011807,65,23952817,,Entry Age,NULL,75337019,47393211,61
San Diego City Employees' Retirement System,7246,2017,06/30/2016,Cheiron,9683560185,6978763561,2704796624,72.1,529916664,510.4,Entry Age,NULL,6819518109,2864042076,70
San Diego County Employees' Retirement Association,7270,2017,06/30/2017,The Segal Company,14937872000,11566926000,3370946000,77.4,1253223397,269,Entry Age,NULL,11395274000,3542598000,76
San Diego Transit Corporation Employees' Retirement Plan,7200,2017,07/01/2016,Cheiron Inc.,289255802,168234278,121021524,58.2,31660643,382.3,Entry Age,NULL,161635007,127620795,56
San Francisco City and County Employees' Retirement System,7247,2017,07/01/2017,Cheiron,25706090,22185244,3520846,86.3,3102672358,0.1,Entry Age,NULL,22410350,3295740,87
San Joaquin County Employees' Retirement Association,7271,2017,01/01/2016,CHEIRON,4006390050,2604472784,1401917266,65,,,Entry Age,NULL,2413242547,1593147503,60
San Joaquin Regional Transit District Contract Employees' Retirement Plan,7166,2017,07/01/2016,Bartel Associates LLC,65189000,35693000,29496000,54.8,8672000,,Entry Age,NULL,33809000,31380000,52
San Luis Obispo County Pension Trust,7272,2017,01/01/2016,Gabriel Roeder Smith & Company,1749342000,1248328000,501014000,71.4,180728417,277.2,Entry Age,NULL,1135803000,613539000,65
San Mateo County Employees' Retirement Association,7273,2017,06/30/2017,Milliman,4719850000,3976717000,743133000,84.3,522222624,142.3,Entry Age,NULL,4038702000,681148000,86
Santa Barbara County Employees' Retirement System,7274,2017,06/30/2016,Cheiron,3571000000,2555000000,1016000000,71.6,0,,Entry Age,NULL,2555000000,1016000000,72
Santa Clara Valley Transportation Authority Amalgamated Transit Union Pension Plan,7167,2017,06/30/2017,Cheiron Inc,701581204,531466869,170114335,75.8,131544000,129.3,Entry Age,NULL,531466869,170114335,76
Self-Insured Schools of California Defined Benefit Plan,7183,2017,12/31/2016,Lou Filliger FSA,44472286,42950064,1522222,96.6,94039000,,Projected Unit Credit,NULL,42923075,1549211,97
Sonoma County Employees' Retirement Association,7275,2017,12/31/2016,Segal Consulting,2807398000,2399171000,408227000,85.5,356129644,114.6,Entry Age,NULL,2414828000,392570000,86
Stanislaus County Employees' Retirement Association,7276,2017,06/30/2015,Cheiron Inc.,2391522000,1763629000,627893000,73.8,255646516,245.6,Entry Age,NULL,1772913713,618608287,74
Sunline Transit Retirement Income Plan - Bargaining Unit Personnel,7182,2017,01/01/2016,Nyhart,22559195,20450576,2108619,90.7,9306674,22.7,Entry Age,NULL,,22559195,
Sunline Transit Retirement Income Plan - Non-Bargaining Unit Personnel,7400,2017,01/01/2016,Nyhart,23432961,21434841,1998120,91.5,4429828,45.1,Entry Age,NULL,21437959,1995002,91
Tulare County Employees' Retirement Association,7277,2017,06/30/2015,Cheiron,1358435,1156587,201848,85.1,239054767,0.1,Entry Age,NULL,1101172,257263,81
Turlock Irrigation District Pension Plan,7187,2017,01/01/2016,Nyhart,289125728,227666200,61459528,78.7,35244750,174.4,Entry Age,N/A,218079478,71046250,75
University of California Retirement Plan,7211,2017,07/01/2017,Segal Consulting,72965272000,61884530000,11080742000,84.8,12412591000,89.3,Entry Age,NULL,62114261000,10851011000,85
Ventura County Employees' Retirement Association,7278,2017,06/30/2017,Segal Consulting,5703396000,4959070000,744326000,87,744917386,99.9,Entry Age,NULL,4964247000,739149000,87
West Contra Costa Healthcare District Successor Retirement Plan,8275,2017,06/30/2017,WILLIS TOWERS WATSON,15899212,3098074,12801138,19.5,0,,Projected Unit Credit,NULL,,15899212,
West Contra Costa Healthcare District Successor Retirement Plan,8275,2019,06/30/2019,Findley,13694352,3148197,10546155,22.99,0,,Entry Age,NULL,3072631,10621721,22.44
AC Transit Employees' Retirement Plan,7159,2020,01/01/2020,Cheiron,1022223946,724962000,297261946,70.92,191001010,155.63,Entry Age,,746853000,275370946,73.06
Alameda County Employees' Retirement Association,7258,2020,12/31/2019,Segal Consulting,9795019000,7599977000,2195042000,77.59,1129175000,,Entry Age,,7774898000,2020121000,79.38
Antelope Valley Hospital Medical Center Retirement Plan,7148,2020,07/01/2019,Milliman,372357417,226170657,146186760,60.74,155267645,,Entry Age,,225518170,146839247,60.56
California State Teachers' Retirement System,7209,2020,06/30/2019,Milliman,310719000000,205016000000,105703000000,65.98,33679000000,313.85,Entry Age,,208083000000,102636000000,66.97
City of Alameda Police and Fire Pension 1079 and 1082,7218,2020,06/30/2020,Nyhart Actuary & Employee Benefits,5707771,0,5707771,,0,,Other,Mortality-Mortality Improvement Scale MP 2014 with 15 years convergence to 2022,0,,
City of Albany Police and Fire Relief Pension Fund,7219,2020,04/19/2021,Van Iwaarden Associates,14218991,3703012,10515979,26.04,0,,Entry Age,,3703012,10515979,26.04
City of Berkeley Safety Members' Pension Fund,7220,2020,06/30/2019,Bartel Associates LLC,1762635,0,1762635,,0,,Other,Average remaining lifetime of participants,0,,
City of Concord Retirement System,7230,2020,06/30/2018,Bartel Associates LLC,58431000,32829000,25602000,56.18,0,,Entry Age,,32829000,25602000,56.18
City of Delano Employee Pension Plan,7235,2020,07/01/2020,Nyhart,53926141,38633035,15293106,71.64,12676623,122.45,Entry Age,,36911239,17014902,68.45
City of El Cerrito Employees' Pension Trust Fund,7225,2020,06/30/2020,,,,,,89205,,Projected Unit Credit,,,,
City of Emeryville Pension Plan,7221,2020,06/30/2019,Bartel Asso. LLC,100090,0,100090,,0,,Projected Unit Credit,,0,100090,
City of Eureka Fire and Police Retirement System,7233,2020,06/30/2020,GovInvest Inc.,2453085,,,,0,,Other,Straight Line,,,
City of Fresno Employees' Retirement System,7232,2020,06/30/2020,The Segal Company,1155060000,1269173360,-114113360,109.88,156354521,-72.98,Entry Age,,1216143000,-61083000,105.29
City of Fresno Fire and Police Retirement System,7231,2020,06/30/2020,The Segal Company,1331146000,1547641320,-216495320,116.26,117902000,-1771.3,Entry Age,,1484115000,-152969000,111.49
City of Irvine Safety Defined Benefit Pension Plan,7243,2020,01/01/2019,Findley,20370165,19267141,1103024,94.59,381026,289.49,Entry Age,,18475506,1894659,90.7
City of Los Angeles Fire and Police Pension System,7236,2020,06/30/2020,Segal Consulting,23727315018,22106722439,1620592579,93.17,1670245276,97.03,Entry Age,,21396932648,2330382370,90.18
City of Los Angeles Water and Power Employees' Retirement Plan,7238,2020,07/01/2020,The Segal Company,14465349538,13586120581,879228957,93.92,1130066141,77.8,Entry Age,N/A,13353708096,1111641442,92.32
City of Manhattan Beach Single Highest Year Retirement Plan,7240,2020,06/30/2020,Total Compensation Systems,282666,108687,173979,38.45,0,,Projected Unit Credit,,108687,173979,38.45
City of Manhattan Beach Supplemental Retirement Plan,7241,2020,06/30/2020,Total Compensation Systems,106234,21427,84807,20.17,0,,Projected Unit Credit,,21427,84807,20.17
City of Oakland Fire and Police Retirement System,7222,2020,07/01/2019,Cheiron,622836,361037,261799,57.97,0,,Entry Age,,0,622836,
City of Pasadena Fire and Police Retirement System,7239,2020,06/30/2020,Bartel Associates LLC,139285000,124255000,15030000,89.21,12773457,117.67,Entry Age,,125204000,14081000,89.89
City of Piedmont Police and Fire Pension Plan,7224,2020,06/30/2020,Bartel Associates LLC,1629200,12421164,-10791964,762.41,0,,Aggregate,,13640469,-12011269,837.25
City of Richmond Garfield Pension Plan,7229,2020,07/01/2019,Van Iwaarden,334779,339222,-4443,101.33,0,,Entry Age,,339222,-4443,101.33
City of Richmond General Pension Plan,7227,2020,07/01/2019,Van Iwaarden,2323004,1067813,1255191,45.97,0,,Entry Age,,1067813,1255191,45.97
City of Richmond Police and Firemen's Pension Plan,7228,2020,07/01/2019,Van Iwaarden,14363686,11333502,3030184,78.9,0,,Entry Age,,11333502,3030184,78.9
City of Sacramento City Employees' Retirement System,7245,2020,06/30/2020,Bartel Associates LLC,296667000,266646000,30021000,89.88,362000,8293.09,Entry Age,,263137000,33530000,88.7
City of San Clemente Restated Employees' Retirement Plan,7244,2020,06/30/2019,Bartel Associates LLC,39309000,20847000,18462000,53.03,546257,3379.73,Entry Age,,20847000,18462000,53.03
City of San Jose Federated City Employees' Retirement System,7249,2020,06/30/2019,Cheiron,4200708000,2228802000,1971906000,53.06,319980000,616.26,Entry Age,,2132152000,2068556000,50.76
City of San Jose Police and Fire Retirement Plan,7250,2020,06/30/2019,Cheiron,4988427000,3706302000,1282125000,74.3,230401000,556.48,Entry Age,,3588423000,1400004000,71.93
City of Santa Barbara Police and Fire Pension Fund,7248,2020,06/30/2019,Bartel Associates LLC,194469,,,,0,,Other,Actuarial cost methods are only applicable when you have active employees.,,,
Contra Costa County Employees' Retirement Association,7259,2020,12/31/2018,Segal Consulting,9682143750,8650178226,1031965524,89.34,896390769,115.12,Entry Age,,8149985793,1532157957,84.18
Contra Costa Water District Retirement Plan,7172,2020,06/30/2019,Van Iwaarden Associates,235333807,200478790,34855017,85.19,33246926,104.84,Entry Age,,202900921,32432886,86.22
Desert Hospital Retirement Protection Plan,7398,2020,06/30/2020,Nyhart,9388217,4783963,4604254,50.96,0,,Entry Age,,,,
East Bay Municipal Utility District Employees' Retirement System,7168,2020,06/30/2019,Segal Consulting,2340773072,1777065164,563707908,75.92,216550000,260.31,Entry Age,,1792124000,548649072,76.56
Fresno County Employees' Retirement Association,7260,2020,06/30/2018,Segal Consulting,5893909000,4802958000,1090951000,81.49,431678000,,Entry Age,,4699871000,1194038000,79.74
Golden Gate Transit District Amalgamated Retirement Plan,7144,2020,01/01/2020,Cheiron,196005176,104182604,91822572,53.15,22247533,412.73,Entry Age,,104382271,91622905,53.25
Greater Palm Springs Convention and Visitor's Bureau Defined Benefit Pension Plan,13131,2020,06/30/2020,Cheiron Inc.,7487607,6530437,957170,87.22,2516464,38.04,Entry Age,,6538943,948664,87.33
Imperial County Employees' Retirement System,7261,2020,06/30/2020,The Segal Company,1091767000,925377000,166390000,84.76,132291000,125.78,Entry Age,,895018000,196749000,81.98
Judges' Retirement System I,7205,2020,06/30/2019,CalPERS Actuarial & Employer Services Division,3173229000,14081000,3159148000,0.44,31511000,10025.54,Entry Age,,14081000,3159148000,0.44
Judges' Retirement System II,7206,2020,06/30/2019,CalPERS Actuarial & Employer Services Division,1725877000,1715056000,10821000,99.37,343260000,3.15,Entry Age,,1715056000,10821000,99.37
Kaweah Delta Hospital District Employees' Retirement Plan,7149,2020,06/30/2020,Willis Towers Watson,291231595,0,291231595,,0,,Entry Age,,250857634,40373961,86.14
Kern County Employees' Retirement Association,7262,2020,06/30/2020,Segal Consulting,7005589000,4508548000,2497041000,64.36,607696000,410.9,Entry Age,,4312314000,2693275000,61.56
Legislators' Retirement System,7207,2020,06/30/2019,CalPERS Actuarial & Employer Services Division,99130000,115796000,-16666000,116.81,272000,-6127.21,Entry Age,,115796000,-16666000,116.81
Long Beach Public Transportation Company Retirement Plan -  Salaried Employees,7199,2020,07/01/2020,Venuti & Associates,33942216,31438641,2503575,92.62,4589000,,Frozen Entry Age,,31438641,2503575,92.62
Long Beach Public Transportation Company Retirement Plan - Contract Employees,7198,2020,07/01/2020,Venuti & Associates,95973713,63776866,32196847,66.45,31946000,100.79,Frozen Entry Age,,63776866,32196847,66.45
Los Angeles City Employees' Retirement System,7237,2020,06/30/2020,The Segal Company,22527195295,15630102547,6897092748,69.38,2445016587,282.09,Entry Age,,14932404300,7594790995,66.29
Los Angeles County Employees' Retirement Association,7263,2020,06/30/2019,Milliman,74635840000,57617288000,17018552000,77.2,8370050420,203.33,Entry Age,,61355768857,13280071143,82.21
Los Angeles County Transportation Authority AFSCME Employees' Retirement Income Plan,9235,2020,12/31/2019,Willis Towers Watson,57507718,46606501,10901217,81.04,1148513,949.16,Projected Unit Credit,,49190696,8317022,85.54
Los Angeles County Transportation Authority Maintenance Employees' Retirement System,7161,2020,01/01/2020,Rael & Letson,690020334,483172394,206847940,70.02,178697000,115.75,Entry Age,,516757172,173263162,74.89
Los Angeles County Transportation Authority Non-Contract Employees' Retirement System,7162,2020,12/31/2019,Willis Towers Watson,141682337,116005074,25677263,81.88,2846262,902.14,Projected Unit Credit,,123345483,18336854,87.06
Los Angeles County Transportation Authority SMART - TD Retirement,7163,2020,12/31/2019,Willis Towers Watson,780015296,616515993,163499303,79.04,215390143,75.91,Projected Unit Credit,,662922882,117092414,84.99
Los Angeles County Transportation Authority Transportation Communication - Union Employees' Retirement System,7160,2020,12/31/2019,Willis Towers Watson,164136842,128997540,35139302,78.59,49491287,71,Projected Unit Credit,,136393133,27743709,83.1
Marin County Employees' Retirement Association,7264,2020,06/30/2019,Cheiron,2847347653,0,2847347653,,260909545,,Entry Age,,2480907784,366439869,87.13
Mendocino County Employees' Retirement Association,7265,2020,06/30/2020,Segal Consulting,795398180,551332136,244066044,69.32,75316869,324.05,Entry Age,,538989213,256408967,67.76
Merced County Employees' Retirement Association,7266,2020,06/30/2018,Cheiron Inc,1301918573,826653970,475264603,63.5,135618404,350.44,Other,Entry Age Normal,826653970,475264603,63.5
Modesto Irrigation District Basic Retirement Plan,7186,2020,01/01/2020,Transamerica Retirement Solutions,417290992,365730253,51560739,87.64,42193024,,Entry Age,Other,365730253,51560739,87.64
Orange County Employees' Retirement System,7267,2020,12/31/2018,Segal Consulting,20703349000,14994420000,5708929000,72.43,1875370000,304.42,Entry Age,,14349705000,6353644000,69.31
Public Agency Retirement System Defined Benefit Plans,7215,2020,06/30/2020,Milliman Inc.,14234951,7736360,6498591,54.35,246232118,,Other,Discount Rate,,,
Public Employees' Retirement Fund (PERF) A,12892,2020,06/30/2019,CalPERS Actuarial & Employer Services Division,531166000000,372778000000,158388000000,70.18,56391000000,,Entry Age,,372778000000,158388000000,70.18
Public Employees' Retirement Fund (PERF) B,12893,2020,06/30/2019,CalPERS Actuarial & Employer Services Division,,,,,0,,Entry Age,,,,
Public Employees' Retirement Fund (PERF) C,12894,2020,06/30/2019,CalPERS Actuarial & Employer Services Division,,,,,0,,Entry Age,,,,
Sacramento County Employees' Retirement System,7268,2020,06/30/2020,Segal Consulting,12693655000,10229760000,2463895000,80.59,1059983000,232.45,Entry Age,,9979379000,2714276000,78.62
Sacramento Regional Transit District ATU Employees' Retirement Plan,12847,2020,07/01/2019,Cheiron Inc,182972608,139367494,43605114,76.17,32601349,,Entry Age,,138049710,44922898,75.45
Sacramento Regional Transit District IBEW Employees' Retirement Plan,12848,2020,07/01/2019,Cheiron Inc,80791045,61004069,19786976,75.51,13735701,144.06,Entry Age,,60149108,20641937,74.45
Sacramento Regional Transit District Salaried Employees' Retirement Plan,7165,2020,07/01/2019,Cheiron Inc,154047881,99880223,54167658,64.84,25654432,211.16,Entry Age,,99186092,54861789,64.39
San Bernardino County Employees' Retirement Association,7269,2020,06/30/2020,Segal Consulting Co,14298196000,11133173000,3165023000,77.86,1587325000,199.39,Entry Age,,10287334000,4010862000,71.95
San Diego City Employees' Retirement System,7246,2020,06/30/2020,Cheiron,12081170225,8558922812,3522247413,70.85,571843049,615.95,Entry Age,,8317374325,3763795900,68.85
San Diego County Employees' Retirement Association,7270,2020,06/30/2020,Segal Consulting,17741219000,13715875000,4025344000,77.31,1433931493,281.27,Entry Age,,12909003000,4832216000,72.76
San Diego Transit Corporation Employees' Retirement Plan,7200,2020,06/30/2020,Cheiron Inc.,315167505,177440974,137726531,56.3,25851835,532.75,Entry Age,,165921800,149245705,52.65
San Francisco City and County Employees' Retirement System,7247,2020,07/01/2019,Cheiron,28798000000,25247000000,3551000000,87.67,3566991411,,Entry Age,,26078000000,2720000000,90.55
San Joaquin County Employees' Retirement Association,7271,2020,01/01/2019,Cheiron,4721287476,3044897694,1676389782,64.49,454177002,369.1,Entry Age,,2841042076,1880245400,60.18
San Joaquin Regional Transit District Contract Employees' Retirement Plan,7166,2020,07/01/2018,Bartel Associates LLC,73069000,40694000,32375000,55.69,9157000,353.55,Entry Age,,40633000,32436000,55.61
San Luis Obispo County Pension Trust,7272,2020,01/01/2019,Gabriel Roeder Smith & Company,2029929000,1362561000,667368000,67.12,200924549,332.15,Entry Age,,1271620084,758308916,62.64
San Mateo County Employees' Retirement Association,7273,2020,06/30/2020,Milliman,5786054000,4998316000,787738000,86.39,593295084,132.77,Entry Age,,4780502000,1005552000,82.62
Santa Barbara County Employees' Retirement System,7274,2020,06/30/2020,Cheiron,4080638000,3198134000,882504000,78.37,366344225,240.89,Entry Age,,3198134,882504,78.37
Santa Clara Valley Transportation Authority Amalgamated Transit Union Pension Plan,7167,2020,01/01/2020,Cheiron Inc.,777544046,588449396,189094650,75.68,134900811,140.17,Entry Age,n/a,604689941,172854105,77.77
Self-Insured Schools of California Defined Benefit Plan,7183,2020,12/31/2019,Demsey Filliger & Assoc,52663570,54406776,-1743206,103.31,104235082,-1.67,Projected Unit Credit,,57334797,-4671227,108.87
Sonoma County Employees' Retirement Association,7275,2020,12/31/2019,Segal Consulting,3143323000,2811292000,332031000,89.44,378158735,87.8,Entry Age,,2916890000,226433000,92.8
Stanislaus County Employees' Retirement Association,7276,2020,06/30/2018,Cheiron Inc.,2749068000,2100278000,648790000,76.4,300352383,216.01,Entry Age,,2208241432,540826568,80.33
Sunline Transit Retirement Income Plan - Bargaining Unit Personnel,7182,2020,01/01/2019,Nyhart,27572135,26620060,952075,96.55,11077510,8.59,Entry Age,,25230056,2342079,91.51
Sunline Transit Retirement Income Plan - Non-Bargaining Unit Personnel,7400,2020,01/01/2019,Nyhart,27345479,27066336,279143,98.98,5263497,5.3,Entry Age,,25654063,1691416,93.81
Tulare County Employees' Retirement Association,7277,2020,06/30/2018,Cheiron,1656357000,1523030000,133327000,91.95,262713817,50.75,Entry Age,,1480284000,176073000,89.37
Turlock Irrigation District Pension Plan,7187,2020,01/01/2020,Nyhart,388921522,333593926,55327596,85.77,43755672,126.45,Entry Age,N/A,340914781,48006741,87.66
University of California Retirement Plan,7211,2020,07/01/2020,Segal Consulting,93088224000,73318652000,19769572000,78.76,13336334095,148.24,Entry Age,,70916238000,22171986000,76.18
Ventura County Employees' Retirement Association,7278,2020,06/30/2020,Segal Consultants,6747772000,6044036000,703736000,89.57,803381543,87.6,Entry Age,,5914852000,832920000,87.66
West Contra Costa Healthcare District Successor Retirement Plan,8275,2020,06/30/2020,Findley,15161340,4369495,10791845,28.82,0,,Entry Age,,4245167,10916173,28
AC Transit Employees' Retirement Plan,7159,2021,01/01/2020,Cheiron,1084688403,788654000,296034403,72.71,193938000,152.64,Entry Age,NULL,837867000,246821403,77.24
Alameda County Employees' Retirement Association,7258,2021,12/31/2020,Segal,10484180000,7984241000,2499939000,76.16,1155697000,216314.4,Entry Age,NULL,8389373000,2094807000,80.02
Antelope Valley Hospital Medical Center Retirement Plan,7148,2021,07/01/2020,Milliman,412757973,249189893,163568080,60.37,155611960,,Entry Age,NULL,245003965,167754008,59.36
California State Teachers' Retirement System,7209,2021,06/30/2020,Milliman,322127000000,216252000000,105875000000,67.13,34617000000,305.85,Entry Age,NULL,214128000000,107999000000,66.47
City of Alameda Police and Fire Pension 1079 and 1082,7218,2021,06/30/2021,Nyhart Actuary & Employee Benefits,6320535,0,6320535,,0,,Other,Mortality-Mortality Improvement Scale MP 2014 with 15 years convergence to 2022,0,6320535,
City of Albany Police and Fire Relief Pension Fund,7219,2021,03/17/2022,Van Iwaarden Associates,13860551,4078344,9782207,29.42,0,,Entry Age,NULL,4078344,9782207,29.42
City of Berkeley Safety Members' Pension Fund,7220,2021,06/30/2021,Bartel Associates LLC,1548284,0,1548284,,0,,Other,Average remaining lifetime of participants,0,,
City of Concord Retirement System,7230,2021,06/30/2020,Bartel Associates LLC,53154,30512,22642,57.4,0,,Entry Age,NULL,30512,22642,57.4
City of Delano Employee Pension Plan,7235,2021,07/01/2021,Nyhart,57586494,47231206,10355288,82.02,8712149,118.86,Entry Age,NULL,47231206,10355288,82.02
City of El Cerrito Employees' Pension Trust Fund,7225,2021,09/23/2021,NULL,,,,,89205,,Projected Unit Credit,NULL,,,
City of Emeryville Pension Plan,7221,2021,06/30/2019,Bartel Asso. LLC,100090,0,100090,,0,,Projected Unit Credit,NULL,0,100090,
City of Eureka Fire and Police Retirement System,7233,2021,06/30/2021,GovInvest,2359962,,,,0,,Entry Age,NULL,,,
City of Fresno Employees' Retirement System,7232,2021,06/30/2021,The Segal Company,1189980000,1380265471,-190285471,115.99,160372084,-118.65,Entry Age,NULL,1579058000,-389078000,132.7
City of Fresno Fire and Police Retirement System,7231,2021,06/30/2021,The Segal Company,1395140000,1695906219,-300766219,121.56,120177000,-250.27,Entry Age,NULL,1936264000,-541124000,138.79
City of Irvine Safety Defined Benefit Pension Plan,7243,2021,01/01/2020,Findley,23761392,19402936,4358456,81.66,263645,1653.15,Entry Age,NULL,20035984,3725408,84.32
City of Los Angeles Fire and Police Pension System,7236,2021,06/30/2021,Segal Consulting,24461267374,23689348796,771918578,96.84,1684784966,,Entry Age,NULL,27862307134,-3401039760,113.9
City of Los Angeles Water and Power Employees' Retirement Plan,7238,2021,07/01/2021,The Segal Company,15008817566,14889255775,119561791,99.2,1121883556,10.66,Entry Age,N/A,16667463956,-1658646390,111.05
City of Manhattan Beach Single Highest Year Retirement Plan,7240,2021,06/30/2021,Total Compensation Systems,125489,64370,61119,51.3,0,,Entry Age,NULL,64370,61119,51.3
City of Manhattan Beach Supplemental Retirement Plan,7241,2021,06/30/2021,Total Compensation Systems,59219,27190,32029,45.91,0,,Entry Age,NULL,27190,32029,45.91
City of Oakland Fire and Police Retirement System,7222,2021,07/01/2020,Cheiron,597014,371467,225547,62.22,0,,Entry Age,NULL,0,597014,
City of Pasadena Fire and Police Retirement System,7239,2021,06/30/2021,Bartel Associates LLC,131926000,121488000,10438000,92.09,12505972,83.46,Entry Age,NULL,134733000,-2807000,102.13
City of Piedmont Police and Fire Pension Plan,7224,2021,06/30/2020,Bartel Associates LLC,1617359,17403329,-15785970,1076.03,0,,Aggregate,NULL,17403329,-15785970,1076.03
City of Richmond Garfield Pension Plan,7229,2021,06/30/2021,Van Iwaarden,320914,249005,71909,77.59,0,,Entry Age,NULL,249005,71909,77.59
City of Richmond General Pension Plan,7227,2021,06/30/2021,Van Iwaarden,1808072,1093026,715046,60.45,0,,Entry Age,NULL,1093026,715046,60.45
City of Richmond Police and Firemen's Pension Plan,7228,2021,06/30/2021,Van Iwaarden,8672774,13113847,-4441073,151.21,0,,Entry Age,NULL,13113847,-4441073,151.21
City of Sacramento City Employees' Retirement System,7245,2021,06/30/2021,Bartel Associates LLC,282359000,275724000,6635000,97.65,270000,2457.41,Entry Age,NULL,311133000,-28774000,110.19
City of San Clemente Restated Employees' Retirement Plan,7244,2021,06/30/2019,Bartel Associates LLC,41396000,26009000,15387000,62.83,549043,2802.51,Entry Age,NULL,26009000,15387000,62.83
City of San Jose Federated City Employees' Retirement System,7249,2021,06/30/2020,Cheiron,4401083000,2301469000,2099614000,52.29,335421000,625.96,Entry Age,NULL,2208016000,2193067000,50.17
City of San Jose Police and Fire Retirement Plan,7250,2021,06/30/2020,Cheiron,5235335000,3851948000,1383387000,73.58,237476000,582.54,Entry Age,NULL,3702023000,1533312000,70.71
City of Santa Barbara Police and Fire Pension Fund,7248,2021,06/30/2020,Bartel Associates LLC,156930,,,,0,,Other,Actuarial cost methods are only applicable when you have active employees.,,,
Contra Costa County Employees' Retirement Association,7259,2021,12/31/2019,Segal,10075722222,9144580232,931141990,90.76,937531265,99.32,Entry Age,NULL,9257012679,818709543,91.87
Contra Costa Water District Retirement Plan,7172,2021,06/30/2020,Van Iwaarden Associates,250485738,212512141,37973597,84.84,34446322,110.24,Entry Age,NULL,209306542,41179196,83.56
Desert Hospital Retirement Protection Plan,7398,2021,06/30/2021,Nyhart,3507940,5314972,-1807032,151.51,0,,Entry Age,NULL,,,
East Bay Municipal Utility District Employees' Retirement System,7168,2021,06/30/2020,Segal Consulting,2535238211,1868917204,666321007,73.72,222419000,299.58,Entry Age,NULL,1813591000,721647211,71.54
Fresno County Employees' Retirement Association,7260,2021,06/30/2019,Segal Consulting,6086654000,4971225000,1115429000,81.67,457759000,,Entry Age,NULL,4934507000,1152147000,81.07
Golden Gate Transit District Amalgamated Retirement Plan,7144,2021,01/01/2020,Cheiron,196005176,104182604,91822572,53.15,19709000,474.98,Entry Age,NULL,104382271,91622905,53.25
Greater Palm Springs Convention and Visitor's Bureau Defined Benefit Pension Plan,13131,2021,06/30/2021,Cheiron Inc.,7889354,7746168,143186,98.19,2466924,5.8,Entry Age,NULL,8452037,-562683,107.13
Imperial County Employees' Retirement System,7261,2021,06/30/2021,The Segal Company,1145580000,1005105000,140475000,87.74,135725000,103.5,Entry Age,NULL,1126788000,18792000,98.36
Judges' Retirement System I,7205,2021,06/30/2020,CalPERS Actuarial & Employer Services Division,3105001000,48020000,3056981000,1.55,29137115,10491.71,Entry Age,NULL,48020000,3056981000,1.55
Judges' Retirement System II,7206,2021,06/30/2020,CalPERS Actuarial & Employer Services Division,1913088000,1885404000,27684000,98.55,351443000,7.88,Entry Age,NULL,1885404000,27684000,98.55
Kaweah Delta Hospital District Employees' Retirement Plan,7149,2021,06/30/2020,Willis Towers Watson,297776486,320047417,-22270931,107.48,0,,Entry Age,NULL,320047417,-28815822,109.89
Kern County Employees' Retirement Association,7262,2021,06/30/2021,Segal Consulting,7164225000,4806026000,2358199000,67.08,604320000,390.22,Entry Age,NULL,5235090000,1927160004,73.09
Legislators' Retirement System,7207,2021,06/30/2020,CalPERS Actuarial & Employer Services Division,96348453,115538308,-19189855,119.92,282673,-6788.71,Entry Age,NULL,115538308,-19189855,119.92
Long Beach Public Transportation Company Retirement Plan -  Salaried Employees,7199,2021,07/01/2021,Venuti & Associates,36225266,37790805,-1565539,104.32,4869000,-32.15,Frozen Entry Age,NULL,37790805,-1565539,104.32
Long Beach Public Transportation Company Retirement Plan - Contract Employees,7198,2021,07/01/2021,Venuti & Associates,97238338,81807082,15431256,84.13,30015000,51.41,Entry Age,NULL,81807082,15431256,84.13
Los Angeles City Employees' Retirement System,7237,2021,06/30/2021,The Segal Company,23281892854,16660584654,6621308200,71.56,2254165029,293.74,Entry Age,NULL,18918136000,4363756854,81.26
Los Angeles County Employees' Retirement Association,7263,2021,06/30/2020,Milliman,78275175000,59762991000,18512184000,76.35,8724151151,212.19,Entry Age,NULL,61360972171,16914202829,78.39
Los Angeles County Transportation Authority AFSCME Employees' Retirement Income Plan,9235,2021,12/31/2020,Willis Towers Watson,56966304,47990549,8975755,84.24,1185347,757.23,Projected Unit Credit,NULL,51923189,5043115,91.15
Los Angeles County Transportation Authority Maintenance Employees' Retirement System,7161,2021,01/01/2021,Rael & Letson,733603014,550691491,182911523,75.07,186974000,97.83,Entry Age,NULL,601480484,132122530,81.99
Los Angeles County Transportation Authority Non-Contract Employees' Retirement System,7162,2021,12/31/2020,Willis Towers Watson,142199205,119205362,22993843,83.83,2875286,799.71,Projected Unit Credit,NULL,129805876,12393329,91.28
Los Angeles County Transportation Authority SMART - TD Retirement,7163,2021,12/31/2020,Willis Towers Watson,820046814,677900561,142146253,82.67,220964771,64.33,Projected Unit Credit,NULL,750002884,70043930,91.46
Los Angeles County Transportation Authority Transportation Communication - Union Employees' Retirement System,7160,2021,12/31/2020,Willis Towers Watson,178653654,146940382,31713272,82.25,54261707,16.96,Projected Unit Credit,NULL,159492196,19161458,89.27
Marin County Employees' Retirement Association,7264,2021,06/30/2020,Chieron,2972689220,0,2972689220,,270691310,,Entry Age,NULL,2573279944,399409276,86.56
Mendocino County Employees' Retirement Association,7265,2021,06/30/2021,The Segal Group,819983481,598428325,221555156,72.98,80908634,,Entry Age,NULL,696441302,123542179,84.93
Merced County Employees' Retirement Association,7266,2021,06/30/2019,Cheiron Inc,1370195307,866503284,503692023,63.24,135358149,372.12,Other,Entry Age Normal,866503284,503692023,63.24
Modesto Irrigation District Basic Retirement Plan,7186,2021,01/01/2021,Cheiron Inc.,459147602,417290992,41856610,90.88,44514659,94.03,Entry Age,NULL,423811159,35336443,92.3
Orange County Employees' Retirement System,7267,2021,12/31/2019,Segal Consulting,21916730000,16036869000,5879861000,73.17,1952534000,301.14,Entry Age,NULL,16516024000,5400706000,75.36
Public Agency Retirement System Defined Benefit Plans,7215,2021,06/30/2020,Milliman Inc.,14234951,7736360,6498591,54.35,233244119,2.64,Other,Discount Rate,,,
Public Employees' Retirement Fund (PERF) A,12892,2021,06/30/2020,CalPERS Actuarial & Employer Services Division,554679000000,391381000000,163298000000,70.56,58606000000,,Entry Age,NULL,391381000000,163298000000,70.56
Public Employees' Retirement Fund (PERF) B,12893,2021,06/30/2020,CalPERS Actuarial & Employer Services Division,,,,,0,,Entry Age,NULL,,,
Public Employees' Retirement Fund (PERF) C,12894,2021,06/30/2020,CalPERS Actuarial & Employer Services Division,,,,,0,,Entry Age,NULL,,,
Sacramento County Employees' Retirement System,7268,2021,06/30/2021,Segal Consulting,13309706000,10929549000,2380157000,82.12,1034344000,230.11,Entry Age,NULL,12564149000,745557000,94.4
Sacramento Regional Transit District ATU Employees' Retirement Plan,12847,2021,07/01/2020,Cheiron Inc,200934482,143383273,57551209,71.36,35808872,160.72,Entry Age,NULL,137424052,63510430,68.39
Sacramento Regional Transit District IBEW Employees' Retirement Plan,12848,2021,07/01/2020,Cheiron Inc,90791309,63138388,27652921,69.54,15245596,181.38,Entry Age,NULL,60379125,30412184,66.5
Sacramento Regional Transit District Salaried Employees' Retirement Plan,7165,2021,07/01/2020,Cheiron Inc,169966908,105061692,64905216,61.81,26792691,242.25,Entry Age,NULL,100552171,69414737,59.16
San Bernardino County Employees' Retirement Association,7269,2021,06/30/2021,Segal Consulting Co,14957435000,12258925000,2698510000,81.96,1626449000,165.81,Entry Age,NULL,13637493000,1319942000,91.18
San Diego City Employees' Retirement System,7246,2021,06/30/2021,Cheiron,12390423840,9281339061,3109084779,74.91,535632451,580.45,Entry Age,NULL,10293621480,2096802360,83.08
San Diego County Employees' Retirement Association,7270,2021,06/30/2021,Segal,18339923000,14671508000,3668415000,80,1463344879,250.69,Entry Age,NULL,15964725000,2375198000,87.05
San Diego Transit Corporation Employees' Retirement Plan,7200,2021,06/30/2021,Cheiron Inc.,331267043,194296017,136971026,58.65,24891340,550.28,Entry Age,NULL,204471831,126795212,61.72
San Francisco City and County Employees' Retirement System,7247,2021,07/01/2020,Cheiron,29499918000,26695844000,2804074000,90.49,3586532188,78.18,Entry Age,NULL,26620218000,2879700000,90.24
San Joaquin County Employees' Retirement Association,7271,2021,01/01/2020,Cheiron,5013632466,3226099142,1787533324,64.35,465002291,384.41,Entry Age,NULL,3244361827,1769270639,64.71
San Joaquin Regional Transit District Contract Employees' Retirement Plan,7166,2021,12/20/2019,Bartel Associates LLC,75332,42731,32601,56.72,8170000,0.4,Entry Age,NULL,42528,32804,56.45
San Luis Obispo County Pension Trust,7272,2021,01/01/2020,Gabriel Roeder Smith & Company,2170071483,1416762603,753308880,65.29,218911525,344.12,Entry Age,NULL,1439004203,731067280,66.31
San Mateo County Employees' Retirement Association,7273,2021,06/30/2021,Milliman,6227066000,5488958000,738108000,88.15,600368542,122.94,Entry Age,NULL,5982086000,244980000,96.07
Santa Barbara County Employees' Retirement System,7274,2021,06/30/2021,Cheiron,4297728,3193932,1103796,74.32,380355927,0.29,Entry Age,NULL,3193932,1103796,74.32
Santa Clara Valley Transportation Authority Amalgamated Transit Union Pension Plan,7167,2021,01/01/2021,Cheiron Inc.,815899700,622609373,193290327,76.31,130270603,,Entry Age,n/a,632627301,183272399,77.54
Self-Insured Schools of California Defined Benefit Plan,7183,2021,12/31/2020,Total Compensation Systems,55751937,58433381,-2681444,104.81,75042881,-3.57,Projected Unit Credit,NULL,65207275,-9455338,116.96
Sonoma County Employees' Retirement Association,7275,2021,12/31/2020,Segal Consulting,3264403000,2981688000,282715000,91.34,400561892,70.58,Entry Age,NULL,3073675000,190728000,94.16
Stanislaus County Employees' Retirement Association,7276,2021,06/30/2019,Cheiron Inc.,2897223000,2199956000,697267000,75.93,298044207,,Entry Age,NULL,2208241432,688981568,76.22
Sunline Transit Retirement Income Plan - Bargaining Unit Personnel,7182,2021,01/01/2020,Nyhart,31029032,28887592,2141440,93.1,11332605,18.9,Entry Age,NULL,30786992,242040,99.22
Sunline Transit Retirement Income Plan - Non-Bargaining Unit Personnel,7400,2021,01/01/2020,Nyhart,30249446,29154205,1095241,96.38,6016305,18.02,Entry Age,NULL,31083645,-834199,102.76
Tulare County Employees' Retirement Association,7277,2021,06/30/2019,Cheiron,1741283000,1598431000,142852000,91.8,272415593,52.44,Entry Age,NULL,1538405000,202878000,88.35
Turlock Irrigation District Pension Plan,7187,2021,01/01/2021,Nyhart,405967115,359823558,46143557,88.63,44521714,103.64,Entry Age,N/A,378531492,27435623,93.24
University of California Retirement Plan,7211,2021,07/01/2021,Segal Consulting,97243831000,80812073000,16431758000,83.1,14205528073,,Entry Age,NULL,91749794000,5494037000,94.35
Ventura County Employees' Retirement Association,7278,2021,06/30/2021,Segal Consultants,7154885000,6648154000,506731000,92.92,817636092,61.98,Entry Age,NULL,7681553000,-526668000,107.36
West Contra Costa Healthcare District Successor Retirement Plan,8275,2021,06/30/2021,Findley a Division,14967780,5587358,9380422,37.33,0,,Entry Age,NULL,5405567,9562213,36.11
